raceId,year,round,name_race,date,circuitId,name_circuit
1,2009,1,Australian Grand Prix,2009-03-29,1,Albert Park Grand Prix Circuit
2,2009,2,Malaysian Grand Prix,2009-04-05,2,Sepang International Circuit
3,2009,3,Chinese Grand Prix,2009-04-19,17,Shanghai International Circuit
4,2009,4,Bahrain Grand Prix,2009-04-26,3,Bahrain International Circuit
5,2009,5,Spanish Grand Prix,2009-05-10,4,Circuit de Barcelona-Catalunya
6,2009,6,Monaco Grand Prix,2009-05-24,6,Circuit de Monaco
7,2009,7,Turkish Grand Prix,2009-06-07,5,Istanbul Park
8,2009,8,British Grand Prix,2009-06-21,9,Silverstone Circuit
9,2009,9,German Grand Prix,2009-07-12,20,Nürburgring
10,2009,10,Hungarian Grand Prix,2009-07-26,11,Hungaroring
11,2009,11,European Grand Prix,2009-08-23,12,Valencia Street Circuit
12,2009,12,Belgian Grand Prix,2009-08-30,13,Circuit de Spa-Francorchamps
13,2009,13,Italian Grand Prix,2009-09-13,14,Autodromo Nazionale di Monza
14,2009,14,Singapore Grand Prix,2009-09-27,15,Marina Bay Street Circuit
15,2009,15,Japanese Grand Prix,2009-10-04,22,Suzuka Circuit
16,2009,16,Brazilian Grand Prix,2009-10-18,18,Autódromo José Carlos Pace
17,2009,17,Abu Dhabi Grand Prix,2009-11-01,24,Yas Marina Circuit
18,2008,1,Australian Grand Prix,2008-03-16,1,Albert Park Grand Prix Circuit
19,2008,2,Malaysian Grand Prix,2008-03-23,2,Sepang International Circuit
20,2008,3,Bahrain Grand Prix,2008-04-06,3,Bahrain International Circuit
21,2008,4,Spanish Grand Prix,2008-04-27,4,Circuit de Barcelona-Catalunya
22,2008,5,Turkish Grand Prix,2008-05-11,5,Istanbul Park
23,2008,6,Monaco Grand Prix,2008-05-25,6,Circuit de Monaco
24,2008,7,Canadian Grand Prix,2008-06-08,7,Circuit Gilles Villeneuve
25,2008,8,French Grand Prix,2008-06-22,8,Circuit de Nevers Magny-Cours
26,2008,9,British Grand Prix,2008-07-06,9,Silverstone Circuit
27,2008,10,German Grand Prix,2008-07-20,10,Hockenheimring
28,2008,11,Hungarian Grand Prix,2008-08-03,11,Hungaroring
29,2008,12,European Grand Prix,2008-08-24,12,Valencia Street Circuit
30,2008,13,Belgian Grand Prix,2008-09-07,13,Circuit de Spa-Francorchamps
31,2008,14,Italian Grand Prix,2008-09-14,14,Autodromo Nazionale di Monza
32,2008,15,Singapore Grand Prix,2008-09-28,15,Marina Bay Street Circuit
33,2008,16,Japanese Grand Prix,2008-10-12,16,Fuji Speedway
34,2008,17,Chinese Grand Prix,2008-10-19,17,Shanghai International Circuit
35,2008,18,Brazilian Grand Prix,2008-11-02,18,Autódromo José Carlos Pace
36,2007,1,Australian Grand Prix,2007-03-18,1,Albert Park Grand Prix Circuit
37,2007,2,Malaysian Grand Prix,2007-04-08,2,Sepang International Circuit
38,2007,3,Bahrain Grand Prix,2007-04-15,3,Bahrain International Circuit
39,2007,4,Spanish Grand Prix,2007-05-13,4,Circuit de Barcelona-Catalunya
40,2007,5,Monaco Grand Prix,2007-05-27,6,Circuit de Monaco
41,2007,6,Canadian Grand Prix,2007-06-10,7,Circuit Gilles Villeneuve
42,2007,7,United States Grand Prix,2007-06-17,19,Indianapolis Motor Speedway
43,2007,8,French Grand Prix,2007-07-01,8,Circuit de Nevers Magny-Cours
44,2007,9,British Grand Prix,2007-07-08,9,Silverstone Circuit
45,2007,10,European Grand Prix,2007-07-22,20,Nürburgring
46,2007,11,Hungarian Grand Prix,2007-08-05,11,Hungaroring
47,2007,12,Turkish Grand Prix,2007-08-26,5,Istanbul Park
48,2007,13,Italian Grand Prix,2007-09-09,14,Autodromo Nazionale di Monza
49,2007,14,Belgian Grand Prix,2007-09-16,13,Circuit de Spa-Francorchamps
50,2007,15,Japanese Grand Prix,2007-09-30,16,Fuji Speedway
51,2007,16,Chinese Grand Prix,2007-10-07,17,Shanghai International Circuit
52,2007,17,Brazilian Grand Prix,2007-10-21,18,Autódromo José Carlos Pace
53,2006,1,Bahrain Grand Prix,2006-03-12,3,Bahrain International Circuit
54,2006,2,Malaysian Grand Prix,2006-03-19,2,Sepang International Circuit
55,2006,3,Australian Grand Prix,2006-04-02,1,Albert Park Grand Prix Circuit
56,2006,4,San Marino Grand Prix,2006-04-23,21,Autodromo Enzo e Dino Ferrari
57,2006,5,European Grand Prix,2006-05-07,20,Nürburgring
58,2006,6,Spanish Grand Prix,2006-05-14,4,Circuit de Barcelona-Catalunya
59,2006,7,Monaco Grand Prix,2006-05-28,6,Circuit de Monaco
60,2006,8,British Grand Prix,2006-06-11,9,Silverstone Circuit
61,2006,9,Canadian Grand Prix,2006-06-25,7,Circuit Gilles Villeneuve
62,2006,10,United States Grand Prix,2006-07-02,19,Indianapolis Motor Speedway
63,2006,11,French Grand Prix,2006-07-16,8,Circuit de Nevers Magny-Cours
64,2006,12,German Grand Prix,2006-07-30,10,Hockenheimring
65,2006,13,Hungarian Grand Prix,2006-08-06,11,Hungaroring
66,2006,14,Turkish Grand Prix,2006-08-27,5,Istanbul Park
67,2006,15,Italian Grand Prix,2006-09-10,14,Autodromo Nazionale di Monza
68,2006,16,Chinese Grand Prix,2006-10-01,17,Shanghai International Circuit
69,2006,17,Japanese Grand Prix,2006-10-08,22,Suzuka Circuit
70,2006,18,Brazilian Grand Prix,2006-10-22,18,Autódromo José Carlos Pace
71,2005,1,Australian Grand Prix,2005-03-06,1,Albert Park Grand Prix Circuit
72,2005,2,Malaysian Grand Prix,2005-03-20,2,Sepang International Circuit
73,2005,3,Bahrain Grand Prix,2005-04-03,3,Bahrain International Circuit
74,2005,4,San Marino Grand Prix,2005-04-24,21,Autodromo Enzo e Dino Ferrari
75,2005,5,Spanish Grand Prix,2005-05-08,4,Circuit de Barcelona-Catalunya
76,2005,6,Monaco Grand Prix,2005-05-22,6,Circuit de Monaco
77,2005,7,European Grand Prix,2005-05-29,20,Nürburgring
78,2005,8,Canadian Grand Prix,2005-06-12,7,Circuit Gilles Villeneuve
79,2005,9,United States Grand Prix,2005-06-19,19,Indianapolis Motor Speedway
80,2005,10,French Grand Prix,2005-07-03,8,Circuit de Nevers Magny-Cours
81,2005,11,British Grand Prix,2005-07-10,9,Silverstone Circuit
82,2005,12,German Grand Prix,2005-07-24,10,Hockenheimring
83,2005,13,Hungarian Grand Prix,2005-07-31,11,Hungaroring
84,2005,14,Turkish Grand Prix,2005-08-21,5,Istanbul Park
85,2005,15,Italian Grand Prix,2005-09-04,14,Autodromo Nazionale di Monza
86,2005,16,Belgian Grand Prix,2005-09-11,13,Circuit de Spa-Francorchamps
87,2005,17,Brazilian Grand Prix,2005-09-25,18,Autódromo José Carlos Pace
88,2005,18,Japanese Grand Prix,2005-10-09,22,Suzuka Circuit
89,2005,19,Chinese Grand Prix,2005-10-16,17,Shanghai International Circuit
90,2004,1,Australian Grand Prix,2004-03-07,1,Albert Park Grand Prix Circuit
91,2004,2,Malaysian Grand Prix,2004-03-21,2,Sepang International Circuit
92,2004,3,Bahrain Grand Prix,2004-04-04,3,Bahrain International Circuit
93,2004,4,San Marino Grand Prix,2004-04-25,21,Autodromo Enzo e Dino Ferrari
94,2004,5,Spanish Grand Prix,2004-05-09,4,Circuit de Barcelona-Catalunya
95,2004,6,Monaco Grand Prix,2004-05-23,6,Circuit de Monaco
96,2004,7,European Grand Prix,2004-05-30,20,Nürburgring
97,2004,8,Canadian Grand Prix,2004-06-13,7,Circuit Gilles Villeneuve
98,2004,9,United States Grand Prix,2004-06-20,19,Indianapolis Motor Speedway
99,2004,10,French Grand Prix,2004-07-04,8,Circuit de Nevers Magny-Cours
100,2004,11,British Grand Prix,2004-07-11,9,Silverstone Circuit
101,2004,12,German Grand Prix,2004-07-25,10,Hockenheimring
102,2004,13,Hungarian Grand Prix,2004-08-15,11,Hungaroring
103,2004,14,Belgian Grand Prix,2004-08-29,13,Circuit de Spa-Francorchamps
104,2004,15,Italian Grand Prix,2004-09-12,14,Autodromo Nazionale di Monza
105,2004,16,Chinese Grand Prix,2004-09-26,17,Shanghai International Circuit
106,2004,17,Japanese Grand Prix,2004-10-10,22,Suzuka Circuit
107,2004,18,Brazilian Grand Prix,2004-10-24,18,Autódromo José Carlos Pace
108,2003,1,Australian Grand Prix,2003-03-09,1,Albert Park Grand Prix Circuit
109,2003,2,Malaysian Grand Prix,2003-03-23,2,Sepang International Circuit
110,2003,3,Brazilian Grand Prix,2003-04-06,18,Autódromo José Carlos Pace
111,2003,4,San Marino Grand Prix,2003-04-20,21,Autodromo Enzo e Dino Ferrari
112,2003,5,Spanish Grand Prix,2003-05-04,4,Circuit de Barcelona-Catalunya
113,2003,6,Austrian Grand Prix,2003-05-18,70,Red Bull Ring
114,2003,7,Monaco Grand Prix,2003-06-01,6,Circuit de Monaco
115,2003,8,Canadian Grand Prix,2003-06-15,7,Circuit Gilles Villeneuve
116,2003,9,European Grand Prix,2003-06-29,20,Nürburgring
117,2003,10,French Grand Prix,2003-07-06,8,Circuit de Nevers Magny-Cours
118,2003,11,British Grand Prix,2003-07-20,9,Silverstone Circuit
119,2003,12,German Grand Prix,2003-08-03,10,Hockenheimring
120,2003,13,Hungarian Grand Prix,2003-08-24,11,Hungaroring
121,2003,14,Italian Grand Prix,2003-09-14,14,Autodromo Nazionale di Monza
122,2003,15,United States Grand Prix,2003-09-28,19,Indianapolis Motor Speedway
123,2003,16,Japanese Grand Prix,2003-10-12,22,Suzuka Circuit
124,2002,1,Australian Grand Prix,2002-03-03,1,Albert Park Grand Prix Circuit
125,2002,2,Malaysian Grand Prix,2002-03-17,2,Sepang International Circuit
126,2002,3,Brazilian Grand Prix,2002-03-31,18,Autódromo José Carlos Pace
127,2002,4,San Marino Grand Prix,2002-04-14,21,Autodromo Enzo e Dino Ferrari
128,2002,5,Spanish Grand Prix,2002-04-28,4,Circuit de Barcelona-Catalunya
129,2002,6,Austrian Grand Prix,2002-05-12,70,Red Bull Ring
130,2002,7,Monaco Grand Prix,2002-05-26,6,Circuit de Monaco
131,2002,8,Canadian Grand Prix,2002-06-09,7,Circuit Gilles Villeneuve
132,2002,9,European Grand Prix,2002-06-23,20,Nürburgring
133,2002,10,British Grand Prix,2002-07-07,9,Silverstone Circuit
134,2002,11,French Grand Prix,2002-07-21,8,Circuit de Nevers Magny-Cours
135,2002,12,German Grand Prix,2002-07-28,10,Hockenheimring
136,2002,13,Hungarian Grand Prix,2002-08-18,11,Hungaroring
137,2002,14,Belgian Grand Prix,2002-09-01,13,Circuit de Spa-Francorchamps
138,2002,15,Italian Grand Prix,2002-09-15,14,Autodromo Nazionale di Monza
139,2002,16,United States Grand Prix,2002-09-29,19,Indianapolis Motor Speedway
140,2002,17,Japanese Grand Prix,2002-10-13,22,Suzuka Circuit
141,2001,1,Australian Grand Prix,2001-03-04,1,Albert Park Grand Prix Circuit
142,2001,2,Malaysian Grand Prix,2001-03-18,2,Sepang International Circuit
143,2001,3,Brazilian Grand Prix,2001-04-01,18,Autódromo José Carlos Pace
144,2001,4,San Marino Grand Prix,2001-04-15,21,Autodromo Enzo e Dino Ferrari
145,2001,5,Spanish Grand Prix,2001-04-29,4,Circuit de Barcelona-Catalunya
146,2001,6,Austrian Grand Prix,2001-05-13,70,Red Bull Ring
147,2001,7,Monaco Grand Prix,2001-05-27,6,Circuit de Monaco
148,2001,8,Canadian Grand Prix,2001-06-10,7,Circuit Gilles Villeneuve
149,2001,9,European Grand Prix,2001-06-24,20,Nürburgring
150,2001,10,French Grand Prix,2001-07-01,8,Circuit de Nevers Magny-Cours
151,2001,11,British Grand Prix,2001-07-15,9,Silverstone Circuit
152,2001,12,German Grand Prix,2001-07-29,10,Hockenheimring
153,2001,13,Hungarian Grand Prix,2001-08-19,11,Hungaroring
154,2001,14,Belgian Grand Prix,2001-09-02,13,Circuit de Spa-Francorchamps
155,2001,15,Italian Grand Prix,2001-09-16,14,Autodromo Nazionale di Monza
156,2001,16,United States Grand Prix,2001-09-30,19,Indianapolis Motor Speedway
157,2001,17,Japanese Grand Prix,2001-10-14,22,Suzuka Circuit
158,2000,1,Australian Grand Prix,2000-03-12,1,Albert Park Grand Prix Circuit
159,2000,2,Brazilian Grand Prix,2000-03-26,18,Autódromo José Carlos Pace
160,2000,3,San Marino Grand Prix,2000-04-09,21,Autodromo Enzo e Dino Ferrari
161,2000,4,British Grand Prix,2000-04-23,9,Silverstone Circuit
162,2000,5,Spanish Grand Prix,2000-05-07,4,Circuit de Barcelona-Catalunya
163,2000,6,European Grand Prix,2000-05-21,20,Nürburgring
164,2000,7,Monaco Grand Prix,2000-06-04,6,Circuit de Monaco
165,2000,8,Canadian Grand Prix,2000-06-18,7,Circuit Gilles Villeneuve
166,2000,9,French Grand Prix,2000-07-02,8,Circuit de Nevers Magny-Cours
167,2000,10,Austrian Grand Prix,2000-07-16,70,Red Bull Ring
168,2000,11,German Grand Prix,2000-07-30,10,Hockenheimring
169,2000,12,Hungarian Grand Prix,2000-08-13,11,Hungaroring
170,2000,13,Belgian Grand Prix,2000-08-27,13,Circuit de Spa-Francorchamps
171,2000,14,Italian Grand Prix,2000-09-10,14,Autodromo Nazionale di Monza
172,2000,15,United States Grand Prix,2000-09-24,19,Indianapolis Motor Speedway
173,2000,16,Japanese Grand Prix,2000-10-08,22,Suzuka Circuit
174,2000,17,Malaysian Grand Prix,2000-10-22,2,Sepang International Circuit
175,1999,1,Australian Grand Prix,1999-03-07,1,Albert Park Grand Prix Circuit
176,1999,2,Brazilian Grand Prix,1999-04-11,18,Autódromo José Carlos Pace
177,1999,3,San Marino Grand Prix,1999-05-02,21,Autodromo Enzo e Dino Ferrari
178,1999,4,Monaco Grand Prix,1999-05-16,6,Circuit de Monaco
179,1999,5,Spanish Grand Prix,1999-05-30,4,Circuit de Barcelona-Catalunya
180,1999,6,Canadian Grand Prix,1999-06-13,7,Circuit Gilles Villeneuve
181,1999,7,French Grand Prix,1999-06-27,8,Circuit de Nevers Magny-Cours
182,1999,8,British Grand Prix,1999-07-11,9,Silverstone Circuit
183,1999,9,Austrian Grand Prix,1999-07-25,70,Red Bull Ring
184,1999,10,German Grand Prix,1999-08-01,10,Hockenheimring
185,1999,11,Hungarian Grand Prix,1999-08-15,11,Hungaroring
186,1999,12,Belgian Grand Prix,1999-08-29,13,Circuit de Spa-Francorchamps
187,1999,13,Italian Grand Prix,1999-09-12,14,Autodromo Nazionale di Monza
188,1999,14,European Grand Prix,1999-09-26,20,Nürburgring
189,1999,15,Malaysian Grand Prix,1999-10-17,2,Sepang International Circuit
190,1999,16,Japanese Grand Prix,1999-10-31,22,Suzuka Circuit
191,1998,1,Australian Grand Prix,1998-03-08,1,Albert Park Grand Prix Circuit
192,1998,2,Brazilian Grand Prix,1998-03-29,18,Autódromo José Carlos Pace
193,1998,3,Argentine Grand Prix,1998-04-12,25,Autódromo Juan y Oscar Gálvez
194,1998,4,San Marino Grand Prix,1998-04-26,21,Autodromo Enzo e Dino Ferrari
195,1998,5,Spanish Grand Prix,1998-05-10,4,Circuit de Barcelona-Catalunya
196,1998,6,Monaco Grand Prix,1998-05-24,6,Circuit de Monaco
197,1998,7,Canadian Grand Prix,1998-06-07,7,Circuit Gilles Villeneuve
198,1998,8,French Grand Prix,1998-06-28,8,Circuit de Nevers Magny-Cours
199,1998,9,British Grand Prix,1998-07-12,9,Silverstone Circuit
200,1998,10,Austrian Grand Prix,1998-07-26,70,Red Bull Ring
201,1998,11,German Grand Prix,1998-08-02,10,Hockenheimring
202,1998,12,Hungarian Grand Prix,1998-08-16,11,Hungaroring
203,1998,13,Belgian Grand Prix,1998-08-30,13,Circuit de Spa-Francorchamps
204,1998,14,Italian Grand Prix,1998-09-13,14,Autodromo Nazionale di Monza
205,1998,15,Luxembourg Grand Prix,1998-09-27,20,Nürburgring
206,1998,16,Japanese Grand Prix,1998-11-01,22,Suzuka Circuit
207,1997,1,Australian Grand Prix,1997-03-09,1,Albert Park Grand Prix Circuit
208,1997,2,Brazilian Grand Prix,1997-03-30,18,Autódromo José Carlos Pace
209,1997,3,Argentine Grand Prix,1997-04-13,25,Autódromo Juan y Oscar Gálvez
210,1997,4,San Marino Grand Prix,1997-04-27,21,Autodromo Enzo e Dino Ferrari
211,1997,5,Monaco Grand Prix,1997-05-11,6,Circuit de Monaco
212,1997,6,Spanish Grand Prix,1997-05-25,4,Circuit de Barcelona-Catalunya
213,1997,7,Canadian Grand Prix,1997-06-15,7,Circuit Gilles Villeneuve
214,1997,8,French Grand Prix,1997-06-29,8,Circuit de Nevers Magny-Cours
215,1997,9,British Grand Prix,1997-07-13,9,Silverstone Circuit
216,1997,10,German Grand Prix,1997-07-27,10,Hockenheimring
217,1997,11,Hungarian Grand Prix,1997-08-10,11,Hungaroring
218,1997,12,Belgian Grand Prix,1997-08-24,13,Circuit de Spa-Francorchamps
219,1997,13,Italian Grand Prix,1997-09-07,14,Autodromo Nazionale di Monza
220,1997,14,Austrian Grand Prix,1997-09-21,70,Red Bull Ring
221,1997,15,Luxembourg Grand Prix,1997-09-28,20,Nürburgring
222,1997,16,Japanese Grand Prix,1997-10-12,22,Suzuka Circuit
223,1997,17,European Grand Prix,1997-10-26,26,Circuito de Jerez
224,1996,1,Australian Grand Prix,1996-03-10,1,Albert Park Grand Prix Circuit
225,1996,2,Brazilian Grand Prix,1996-03-31,18,Autódromo José Carlos Pace
226,1996,3,Argentine Grand Prix,1996-04-07,25,Autódromo Juan y Oscar Gálvez
227,1996,4,European Grand Prix,1996-04-28,20,Nürburgring
228,1996,5,San Marino Grand Prix,1996-05-05,21,Autodromo Enzo e Dino Ferrari
229,1996,6,Monaco Grand Prix,1996-05-19,6,Circuit de Monaco
230,1996,7,Spanish Grand Prix,1996-06-02,4,Circuit de Barcelona-Catalunya
231,1996,8,Canadian Grand Prix,1996-06-16,7,Circuit Gilles Villeneuve
232,1996,9,French Grand Prix,1996-06-30,8,Circuit de Nevers Magny-Cours
233,1996,10,British Grand Prix,1996-07-14,9,Silverstone Circuit
234,1996,11,German Grand Prix,1996-07-28,10,Hockenheimring
235,1996,12,Hungarian Grand Prix,1996-08-11,11,Hungaroring
236,1996,13,Belgian Grand Prix,1996-08-25,13,Circuit de Spa-Francorchamps
237,1996,14,Italian Grand Prix,1996-09-08,14,Autodromo Nazionale di Monza
238,1996,15,Portuguese Grand Prix,1996-09-22,27,Autódromo do Estoril
239,1996,16,Japanese Grand Prix,1996-10-13,22,Suzuka Circuit
240,1995,1,Brazilian Grand Prix,1995-03-26,18,Autódromo José Carlos Pace
241,1995,2,Argentine Grand Prix,1995-04-09,25,Autódromo Juan y Oscar Gálvez
242,1995,3,San Marino Grand Prix,1995-04-30,21,Autodromo Enzo e Dino Ferrari
243,1995,4,Spanish Grand Prix,1995-05-14,4,Circuit de Barcelona-Catalunya
244,1995,5,Monaco Grand Prix,1995-05-28,6,Circuit de Monaco
245,1995,6,Canadian Grand Prix,1995-06-11,7,Circuit Gilles Villeneuve
246,1995,7,French Grand Prix,1995-07-02,8,Circuit de Nevers Magny-Cours
247,1995,8,British Grand Prix,1995-07-16,9,Silverstone Circuit
248,1995,9,German Grand Prix,1995-07-30,10,Hockenheimring
249,1995,10,Hungarian Grand Prix,1995-08-13,11,Hungaroring
250,1995,11,Belgian Grand Prix,1995-08-27,13,Circuit de Spa-Francorchamps
251,1995,12,Italian Grand Prix,1995-09-10,14,Autodromo Nazionale di Monza
252,1995,13,Portuguese Grand Prix,1995-09-24,27,Autódromo do Estoril
253,1995,14,European Grand Prix,1995-10-01,20,Nürburgring
254,1995,15,Pacific Grand Prix,1995-10-22,28,Okayama International Circuit
255,1995,16,Japanese Grand Prix,1995-10-29,22,Suzuka Circuit
256,1995,17,Australian Grand Prix,1995-11-12,29,Adelaide Street Circuit
257,1994,1,Brazilian Grand Prix,1994-03-27,18,Autódromo José Carlos Pace
258,1994,2,Pacific Grand Prix,1994-04-17,28,Okayama International Circuit
259,1994,3,San Marino Grand Prix,1994-05-01,21,Autodromo Enzo e Dino Ferrari
260,1994,4,Monaco Grand Prix,1994-05-15,6,Circuit de Monaco
261,1994,5,Spanish Grand Prix,1994-05-29,4,Circuit de Barcelona-Catalunya
262,1994,6,Canadian Grand Prix,1994-06-12,7,Circuit Gilles Villeneuve
263,1994,7,French Grand Prix,1994-07-03,8,Circuit de Nevers Magny-Cours
264,1994,8,British Grand Prix,1994-07-10,9,Silverstone Circuit
265,1994,9,German Grand Prix,1994-07-31,10,Hockenheimring
266,1994,10,Hungarian Grand Prix,1994-08-14,11,Hungaroring
267,1994,11,Belgian Grand Prix,1994-08-28,13,Circuit de Spa-Francorchamps
268,1994,12,Italian Grand Prix,1994-09-11,14,Autodromo Nazionale di Monza
269,1994,13,Portuguese Grand Prix,1994-09-25,27,Autódromo do Estoril
270,1994,14,European Grand Prix,1994-10-16,26,Circuito de Jerez
271,1994,15,Japanese Grand Prix,1994-11-06,22,Suzuka Circuit
272,1994,16,Australian Grand Prix,1994-11-13,29,Adelaide Street Circuit
273,1993,1,South African Grand Prix,1993-03-14,30,Kyalami
274,1993,2,Brazilian Grand Prix,1993-03-28,18,Autódromo José Carlos Pace
275,1993,3,European Grand Prix,1993-04-11,31,Donington Park
276,1993,4,San Marino Grand Prix,1993-04-25,21,Autodromo Enzo e Dino Ferrari
277,1993,5,Spanish Grand Prix,1993-05-09,4,Circuit de Barcelona-Catalunya
278,1993,6,Monaco Grand Prix,1993-05-23,6,Circuit de Monaco
279,1993,7,Canadian Grand Prix,1993-06-13,7,Circuit Gilles Villeneuve
280,1993,8,French Grand Prix,1993-07-04,8,Circuit de Nevers Magny-Cours
281,1993,9,British Grand Prix,1993-07-11,9,Silverstone Circuit
282,1993,10,German Grand Prix,1993-07-25,10,Hockenheimring
283,1993,11,Hungarian Grand Prix,1993-08-15,11,Hungaroring
284,1993,12,Belgian Grand Prix,1993-08-29,13,Circuit de Spa-Francorchamps
285,1993,13,Italian Grand Prix,1993-09-12,14,Autodromo Nazionale di Monza
286,1993,14,Portuguese Grand Prix,1993-09-26,27,Autódromo do Estoril
287,1993,15,Japanese Grand Prix,1993-10-24,22,Suzuka Circuit
288,1993,16,Australian Grand Prix,1993-11-07,29,Adelaide Street Circuit
289,1992,1,South African Grand Prix,1992-03-01,30,Kyalami
290,1992,2,Mexican Grand Prix,1992-03-22,32,Autódromo Hermanos Rodríguez
291,1992,3,Brazilian Grand Prix,1992-04-05,18,Autódromo José Carlos Pace
292,1992,4,Spanish Grand Prix,1992-05-03,4,Circuit de Barcelona-Catalunya
293,1992,5,San Marino Grand Prix,1992-05-17,21,Autodromo Enzo e Dino Ferrari
294,1992,6,Monaco Grand Prix,1992-05-31,6,Circuit de Monaco
295,1992,7,Canadian Grand Prix,1992-06-14,7,Circuit Gilles Villeneuve
296,1992,8,French Grand Prix,1992-07-05,8,Circuit de Nevers Magny-Cours
297,1992,9,British Grand Prix,1992-07-12,9,Silverstone Circuit
298,1992,10,German Grand Prix,1992-07-26,10,Hockenheimring
299,1992,11,Hungarian Grand Prix,1992-08-16,11,Hungaroring
300,1992,12,Belgian Grand Prix,1992-08-30,13,Circuit de Spa-Francorchamps
301,1992,13,Italian Grand Prix,1992-09-13,14,Autodromo Nazionale di Monza
302,1992,14,Portuguese Grand Prix,1992-09-27,27,Autódromo do Estoril
303,1992,15,Japanese Grand Prix,1992-10-25,22,Suzuka Circuit
304,1992,16,Australian Grand Prix,1992-11-08,29,Adelaide Street Circuit
305,1991,1,United States Grand Prix,1991-03-10,33,Phoenix street circuit
306,1991,2,Brazilian Grand Prix,1991-03-24,18,Autódromo José Carlos Pace
307,1991,3,San Marino Grand Prix,1991-04-28,21,Autodromo Enzo e Dino Ferrari
308,1991,4,Monaco Grand Prix,1991-05-12,6,Circuit de Monaco
309,1991,5,Canadian Grand Prix,1991-06-02,7,Circuit Gilles Villeneuve
310,1991,6,Mexican Grand Prix,1991-06-16,32,Autódromo Hermanos Rodríguez
311,1991,7,French Grand Prix,1991-07-07,8,Circuit de Nevers Magny-Cours
312,1991,8,British Grand Prix,1991-07-14,9,Silverstone Circuit
313,1991,9,German Grand Prix,1991-07-28,10,Hockenheimring
314,1991,10,Hungarian Grand Prix,1991-08-11,11,Hungaroring
315,1991,11,Belgian Grand Prix,1991-08-25,13,Circuit de Spa-Francorchamps
316,1991,12,Italian Grand Prix,1991-09-08,14,Autodromo Nazionale di Monza
317,1991,13,Portuguese Grand Prix,1991-09-22,27,Autódromo do Estoril
318,1991,14,Spanish Grand Prix,1991-09-29,4,Circuit de Barcelona-Catalunya
319,1991,15,Japanese Grand Prix,1991-10-20,22,Suzuka Circuit
320,1991,16,Australian Grand Prix,1991-11-03,29,Adelaide Street Circuit
321,1990,1,United States Grand Prix,1990-03-11,33,Phoenix street circuit
322,1990,2,Brazilian Grand Prix,1990-03-25,18,Autódromo José Carlos Pace
323,1990,3,San Marino Grand Prix,1990-05-13,21,Autodromo Enzo e Dino Ferrari
324,1990,4,Monaco Grand Prix,1990-05-27,6,Circuit de Monaco
325,1990,5,Canadian Grand Prix,1990-06-10,7,Circuit Gilles Villeneuve
326,1990,6,Mexican Grand Prix,1990-06-24,32,Autódromo Hermanos Rodríguez
327,1990,7,French Grand Prix,1990-07-08,34,Circuit Paul Ricard
328,1990,8,British Grand Prix,1990-07-15,9,Silverstone Circuit
329,1990,9,German Grand Prix,1990-07-29,10,Hockenheimring
330,1990,10,Hungarian Grand Prix,1990-08-12,11,Hungaroring
331,1990,11,Belgian Grand Prix,1990-08-26,13,Circuit de Spa-Francorchamps
332,1990,12,Italian Grand Prix,1990-09-09,14,Autodromo Nazionale di Monza
333,1990,13,Portuguese Grand Prix,1990-09-23,27,Autódromo do Estoril
334,1990,14,Spanish Grand Prix,1990-09-30,26,Circuito de Jerez
335,1990,15,Japanese Grand Prix,1990-10-21,22,Suzuka Circuit
336,1990,16,Australian Grand Prix,1990-11-04,29,Adelaide Street Circuit
337,2010,1,Bahrain Grand Prix,2010-03-14,3,Bahrain International Circuit
338,2010,2,Australian Grand Prix,2010-03-28,1,Albert Park Grand Prix Circuit
339,2010,3,Malaysian Grand Prix,2010-04-04,2,Sepang International Circuit
340,2010,4,Chinese Grand Prix,2010-04-18,17,Shanghai International Circuit
341,2010,5,Spanish Grand Prix,2010-05-09,4,Circuit de Barcelona-Catalunya
342,2010,6,Monaco Grand Prix,2010-05-16,6,Circuit de Monaco
343,2010,7,Turkish Grand Prix,2010-05-30,5,Istanbul Park
344,2010,8,Canadian Grand Prix,2010-06-13,7,Circuit Gilles Villeneuve
345,2010,9,European Grand Prix,2010-06-27,12,Valencia Street Circuit
346,2010,10,British Grand Prix,2010-07-11,9,Silverstone Circuit
347,2010,11,German Grand Prix,2010-07-25,10,Hockenheimring
348,2010,12,Hungarian Grand Prix,2010-08-01,11,Hungaroring
349,2010,13,Belgian Grand Prix,2010-08-29,13,Circuit de Spa-Francorchamps
350,2010,14,Italian Grand Prix,2010-09-12,14,Autodromo Nazionale di Monza
351,2010,15,Singapore Grand Prix,2010-09-26,15,Marina Bay Street Circuit
352,2010,16,Japanese Grand Prix,2010-10-10,22,Suzuka Circuit
353,2010,17,Korean Grand Prix,2010-10-24,35,Korean International Circuit
354,2010,18,Brazilian Grand Prix,2010-11-07,18,Autódromo José Carlos Pace
355,2010,19,Abu Dhabi Grand Prix,2010-11-14,24,Yas Marina Circuit
356,1989,1,Brazilian Grand Prix,1989-03-26,36,Autódromo Internacional Nelson Piquet
357,1989,2,San Marino Grand Prix,1989-04-23,21,Autodromo Enzo e Dino Ferrari
358,1989,3,Monaco Grand Prix,1989-05-07,6,Circuit de Monaco
359,1989,4,Mexican Grand Prix,1989-05-28,32,Autódromo Hermanos Rodríguez
360,1989,5,United States Grand Prix,1989-06-04,33,Phoenix street circuit
361,1989,6,Canadian Grand Prix,1989-06-18,7,Circuit Gilles Villeneuve
362,1989,7,French Grand Prix,1989-07-09,34,Circuit Paul Ricard
363,1989,8,British Grand Prix,1989-07-16,9,Silverstone Circuit
364,1989,9,German Grand Prix,1989-07-30,10,Hockenheimring
365,1989,10,Hungarian Grand Prix,1989-08-13,11,Hungaroring
366,1989,11,Belgian Grand Prix,1989-08-27,13,Circuit de Spa-Francorchamps
367,1989,12,Italian Grand Prix,1989-09-10,14,Autodromo Nazionale di Monza
368,1989,13,Portuguese Grand Prix,1989-09-24,27,Autódromo do Estoril
369,1989,14,Spanish Grand Prix,1989-10-01,26,Circuito de Jerez
370,1989,15,Japanese Grand Prix,1989-10-22,22,Suzuka Circuit
371,1989,16,Australian Grand Prix,1989-11-05,29,Adelaide Street Circuit
372,1988,1,Brazilian Grand Prix,1988-04-03,36,Autódromo Internacional Nelson Piquet
373,1988,2,San Marino Grand Prix,1988-05-01,21,Autodromo Enzo e Dino Ferrari
374,1988,3,Monaco Grand Prix,1988-05-15,6,Circuit de Monaco
375,1988,4,Mexican Grand Prix,1988-05-29,32,Autódromo Hermanos Rodríguez
376,1988,5,Canadian Grand Prix,1988-06-12,7,Circuit Gilles Villeneuve
377,1988,6,Detroit Grand Prix,1988-06-19,37,Detroit Street Circuit
378,1988,7,French Grand Prix,1988-07-03,34,Circuit Paul Ricard
379,1988,8,British Grand Prix,1988-07-10,9,Silverstone Circuit
380,1988,9,German Grand Prix,1988-07-24,10,Hockenheimring
381,1988,10,Hungarian Grand Prix,1988-08-07,11,Hungaroring
382,1988,11,Belgian Grand Prix,1988-08-28,13,Circuit de Spa-Francorchamps
383,1988,12,Italian Grand Prix,1988-09-11,14,Autodromo Nazionale di Monza
384,1988,13,Portuguese Grand Prix,1988-09-25,27,Autódromo do Estoril
385,1988,14,Spanish Grand Prix,1988-10-02,26,Circuito de Jerez
386,1988,15,Japanese Grand Prix,1988-10-30,22,Suzuka Circuit
387,1988,16,Australian Grand Prix,1988-11-13,29,Adelaide Street Circuit
388,1987,1,Brazilian Grand Prix,1987-04-12,36,Autódromo Internacional Nelson Piquet
389,1987,2,San Marino Grand Prix,1987-05-03,21,Autodromo Enzo e Dino Ferrari
390,1987,3,Belgian Grand Prix,1987-05-17,13,Circuit de Spa-Francorchamps
391,1987,4,Monaco Grand Prix,1987-05-31,6,Circuit de Monaco
392,1987,5,Detroit Grand Prix,1987-06-21,37,Detroit Street Circuit
393,1987,6,French Grand Prix,1987-07-05,34,Circuit Paul Ricard
394,1987,7,British Grand Prix,1987-07-12,9,Silverstone Circuit
395,1987,8,German Grand Prix,1987-07-26,10,Hockenheimring
396,1987,9,Hungarian Grand Prix,1987-08-09,11,Hungaroring
397,1987,10,Austrian Grand Prix,1987-08-16,70,Red Bull Ring
398,1987,11,Italian Grand Prix,1987-09-06,14,Autodromo Nazionale di Monza
399,1987,12,Portuguese Grand Prix,1987-09-20,27,Autódromo do Estoril
400,1987,13,Spanish Grand Prix,1987-09-27,26,Circuito de Jerez
401,1987,14,Mexican Grand Prix,1987-10-18,32,Autódromo Hermanos Rodríguez
402,1987,15,Japanese Grand Prix,1987-11-01,22,Suzuka Circuit
403,1987,16,Australian Grand Prix,1987-11-15,29,Adelaide Street Circuit
404,1986,1,Brazilian Grand Prix,1986-03-23,36,Autódromo Internacional Nelson Piquet
405,1986,2,Spanish Grand Prix,1986-04-13,26,Circuito de Jerez
406,1986,3,San Marino Grand Prix,1986-04-27,21,Autodromo Enzo e Dino Ferrari
407,1986,4,Monaco Grand Prix,1986-05-11,6,Circuit de Monaco
408,1986,5,Belgian Grand Prix,1986-05-25,13,Circuit de Spa-Francorchamps
409,1986,6,Canadian Grand Prix,1986-06-15,7,Circuit Gilles Villeneuve
410,1986,7,Detroit Grand Prix,1986-06-22,37,Detroit Street Circuit
411,1986,8,French Grand Prix,1986-07-06,34,Circuit Paul Ricard
412,1986,9,British Grand Prix,1986-07-13,38,Brands Hatch
413,1986,10,German Grand Prix,1986-07-27,10,Hockenheimring
414,1986,11,Hungarian Grand Prix,1986-08-10,11,Hungaroring
415,1986,12,Austrian Grand Prix,1986-08-17,70,Red Bull Ring
416,1986,13,Italian Grand Prix,1986-09-07,14,Autodromo Nazionale di Monza
417,1986,14,Portuguese Grand Prix,1986-09-21,27,Autódromo do Estoril
418,1986,15,Mexican Grand Prix,1986-10-12,32,Autódromo Hermanos Rodríguez
419,1986,16,Australian Grand Prix,1986-10-26,29,Adelaide Street Circuit
420,1985,1,Brazilian Grand Prix,1985-04-07,36,Autódromo Internacional Nelson Piquet
421,1985,2,Portuguese Grand Prix,1985-04-21,27,Autódromo do Estoril
422,1985,3,San Marino Grand Prix,1985-05-05,21,Autodromo Enzo e Dino Ferrari
423,1985,4,Monaco Grand Prix,1985-05-19,6,Circuit de Monaco
424,1985,5,Canadian Grand Prix,1985-06-16,7,Circuit Gilles Villeneuve
425,1985,6,Detroit Grand Prix,1985-06-23,37,Detroit Street Circuit
426,1985,7,French Grand Prix,1985-07-07,34,Circuit Paul Ricard
427,1985,8,British Grand Prix,1985-07-21,9,Silverstone Circuit
428,1985,9,German Grand Prix,1985-08-04,20,Nürburgring
429,1985,10,Austrian Grand Prix,1985-08-18,70,Red Bull Ring
430,1985,11,Dutch Grand Prix,1985-08-25,39,Circuit Park Zandvoort
431,1985,12,Italian Grand Prix,1985-09-08,14,Autodromo Nazionale di Monza
432,1985,13,Belgian Grand Prix,1985-09-15,13,Circuit de Spa-Francorchamps
433,1985,14,European Grand Prix,1985-10-06,38,Brands Hatch
434,1985,15,South African Grand Prix,1985-10-19,30,Kyalami
435,1985,16,Australian Grand Prix,1985-11-03,29,Adelaide Street Circuit
436,1984,1,Brazilian Grand Prix,1984-03-25,36,Autódromo Internacional Nelson Piquet
437,1984,2,South African Grand Prix,1984-04-07,30,Kyalami
438,1984,3,Belgian Grand Prix,1984-04-29,40,Zolder
439,1984,4,San Marino Grand Prix,1984-05-06,21,Autodromo Enzo e Dino Ferrari
440,1984,5,French Grand Prix,1984-05-20,41,Dijon-Prenois
441,1984,6,Monaco Grand Prix,1984-06-03,6,Circuit de Monaco
442,1984,7,Canadian Grand Prix,1984-06-17,7,Circuit Gilles Villeneuve
443,1984,8,Detroit Grand Prix,1984-06-24,37,Detroit Street Circuit
444,1984,9,Dallas Grand Prix,1984-07-08,42,Fair Park
445,1984,10,British Grand Prix,1984-07-22,38,Brands Hatch
446,1984,11,German Grand Prix,1984-08-05,10,Hockenheimring
447,1984,12,Austrian Grand Prix,1984-08-19,70,Red Bull Ring
448,1984,13,Dutch Grand Prix,1984-08-26,39,Circuit Park Zandvoort
449,1984,14,Italian Grand Prix,1984-09-09,14,Autodromo Nazionale di Monza
450,1984,15,European Grand Prix,1984-10-07,20,Nürburgring
451,1984,16,Portuguese Grand Prix,1984-10-21,27,Autódromo do Estoril
452,1983,1,Brazilian Grand Prix,1983-03-13,36,Autódromo Internacional Nelson Piquet
453,1983,2,United States Grand Prix West,1983-03-27,43,Long Beach
454,1983,3,French Grand Prix,1983-04-17,34,Circuit Paul Ricard
455,1983,4,San Marino Grand Prix,1983-05-01,21,Autodromo Enzo e Dino Ferrari
456,1983,5,Monaco Grand Prix,1983-05-15,6,Circuit de Monaco
457,1983,6,Belgian Grand Prix,1983-05-22,13,Circuit de Spa-Francorchamps
458,1983,7,Detroit Grand Prix,1983-06-05,37,Detroit Street Circuit
459,1983,8,Canadian Grand Prix,1983-06-12,7,Circuit Gilles Villeneuve
460,1983,9,British Grand Prix,1983-07-16,9,Silverstone Circuit
461,1983,10,German Grand Prix,1983-08-07,10,Hockenheimring
462,1983,11,Austrian Grand Prix,1983-08-14,70,Red Bull Ring
463,1983,12,Dutch Grand Prix,1983-08-28,39,Circuit Park Zandvoort
464,1983,13,Italian Grand Prix,1983-09-11,14,Autodromo Nazionale di Monza
465,1983,14,European Grand Prix,1983-09-25,38,Brands Hatch
466,1983,15,South African Grand Prix,1983-10-15,30,Kyalami
467,1982,1,South African Grand Prix,1982-01-23,30,Kyalami
468,1982,2,Brazilian Grand Prix,1982-03-21,36,Autódromo Internacional Nelson Piquet
469,1982,3,United States Grand Prix West,1982-04-04,43,Long Beach
470,1982,4,San Marino Grand Prix,1982-04-25,21,Autodromo Enzo e Dino Ferrari
471,1982,5,Belgian Grand Prix,1982-05-09,40,Zolder
472,1982,6,Monaco Grand Prix,1982-05-23,6,Circuit de Monaco
473,1982,7,Detroit Grand Prix,1982-06-06,37,Detroit Street Circuit
474,1982,8,Canadian Grand Prix,1982-06-13,7,Circuit Gilles Villeneuve
475,1982,9,Dutch Grand Prix,1982-07-03,39,Circuit Park Zandvoort
476,1982,10,British Grand Prix,1982-07-18,38,Brands Hatch
477,1982,11,French Grand Prix,1982-07-25,34,Circuit Paul Ricard
478,1982,12,German Grand Prix,1982-08-08,10,Hockenheimring
479,1982,13,Austrian Grand Prix,1982-08-15,70,Red Bull Ring
480,1982,14,Swiss Grand Prix,1982-08-29,41,Dijon-Prenois
481,1982,15,Italian Grand Prix,1982-09-12,14,Autodromo Nazionale di Monza
482,1982,16,Caesars Palace Grand Prix,1982-09-25,44,Las Vegas Street Circuit
483,1981,1,United States Grand Prix West,1981-03-15,43,Long Beach
484,1981,2,Brazilian Grand Prix,1981-03-29,36,Autódromo Internacional Nelson Piquet
485,1981,3,Argentine Grand Prix,1981-04-12,25,Autódromo Juan y Oscar Gálvez
486,1981,4,San Marino Grand Prix,1981-05-03,21,Autodromo Enzo e Dino Ferrari
487,1981,5,Belgian Grand Prix,1981-05-17,40,Zolder
488,1981,6,Monaco Grand Prix,1981-05-31,6,Circuit de Monaco
489,1981,7,Spanish Grand Prix,1981-06-21,45,Jarama
490,1981,8,French Grand Prix,1981-07-05,41,Dijon-Prenois
491,1981,9,British Grand Prix,1981-07-18,9,Silverstone Circuit
492,1981,10,German Grand Prix,1981-08-02,10,Hockenheimring
493,1981,11,Austrian Grand Prix,1981-08-16,70,Red Bull Ring
494,1981,12,Dutch Grand Prix,1981-08-30,39,Circuit Park Zandvoort
495,1981,13,Italian Grand Prix,1981-09-13,14,Autodromo Nazionale di Monza
496,1981,14,Canadian Grand Prix,1981-09-27,7,Circuit Gilles Villeneuve
497,1981,15,Caesars Palace Grand Prix,1981-10-17,44,Las Vegas Street Circuit
498,1980,1,Argentine Grand Prix,1980-01-13,25,Autódromo Juan y Oscar Gálvez
499,1980,2,Brazilian Grand Prix,1980-01-27,18,Autódromo José Carlos Pace
500,1980,3,South African Grand Prix,1980-03-01,30,Kyalami
501,1980,4,United States Grand Prix West,1980-03-30,43,Long Beach
502,1980,5,Belgian Grand Prix,1980-05-04,40,Zolder
503,1980,6,Monaco Grand Prix,1980-05-18,6,Circuit de Monaco
504,1980,7,French Grand Prix,1980-06-29,34,Circuit Paul Ricard
505,1980,8,British Grand Prix,1980-07-13,38,Brands Hatch
506,1980,9,German Grand Prix,1980-08-10,10,Hockenheimring
507,1980,10,Austrian Grand Prix,1980-08-17,70,Red Bull Ring
508,1980,11,Dutch Grand Prix,1980-08-31,39,Circuit Park Zandvoort
509,1980,12,Italian Grand Prix,1980-09-14,21,Autodromo Enzo e Dino Ferrari
510,1980,13,Canadian Grand Prix,1980-09-28,7,Circuit Gilles Villeneuve
511,1980,14,United States Grand Prix,1980-10-05,46,Watkins Glen
512,1979,1,Argentine Grand Prix,1979-01-21,25,Autódromo Juan y Oscar Gálvez
513,1979,2,Brazilian Grand Prix,1979-02-04,18,Autódromo José Carlos Pace
514,1979,3,South African Grand Prix,1979-03-03,30,Kyalami
515,1979,4,United States Grand Prix West,1979-04-08,43,Long Beach
516,1979,5,Spanish Grand Prix,1979-04-29,45,Jarama
517,1979,6,Belgian Grand Prix,1979-05-13,40,Zolder
518,1979,7,Monaco Grand Prix,1979-05-27,6,Circuit de Monaco
519,1979,8,French Grand Prix,1979-07-01,41,Dijon-Prenois
520,1979,9,British Grand Prix,1979-07-14,9,Silverstone Circuit
521,1979,10,German Grand Prix,1979-07-29,10,Hockenheimring
522,1979,11,Austrian Grand Prix,1979-08-12,70,Red Bull Ring
523,1979,12,Dutch Grand Prix,1979-08-26,39,Circuit Park Zandvoort
524,1979,13,Italian Grand Prix,1979-09-09,14,Autodromo Nazionale di Monza
525,1979,14,Canadian Grand Prix,1979-09-30,7,Circuit Gilles Villeneuve
526,1979,15,United States Grand Prix,1979-10-07,46,Watkins Glen
527,1978,1,Argentine Grand Prix,1978-01-15,25,Autódromo Juan y Oscar Gálvez
528,1978,2,Brazilian Grand Prix,1978-01-29,36,Autódromo Internacional Nelson Piquet
529,1978,3,South African Grand Prix,1978-03-04,30,Kyalami
530,1978,4,United States Grand Prix West,1978-04-02,43,Long Beach
531,1978,5,Monaco Grand Prix,1978-05-07,6,Circuit de Monaco
532,1978,6,Belgian Grand Prix,1978-05-21,40,Zolder
533,1978,7,Spanish Grand Prix,1978-06-04,45,Jarama
534,1978,8,Swedish Grand Prix,1978-06-17,47,Scandinavian Raceway
535,1978,9,French Grand Prix,1978-07-02,34,Circuit Paul Ricard
536,1978,10,British Grand Prix,1978-07-16,38,Brands Hatch
537,1978,11,German Grand Prix,1978-07-30,10,Hockenheimring
538,1978,12,Austrian Grand Prix,1978-08-13,70,Red Bull Ring
539,1978,13,Dutch Grand Prix,1978-08-27,39,Circuit Park Zandvoort
540,1978,14,Italian Grand Prix,1978-09-10,14,Autodromo Nazionale di Monza
541,1978,15,United States Grand Prix,1978-10-01,46,Watkins Glen
542,1978,16,Canadian Grand Prix,1978-10-08,7,Circuit Gilles Villeneuve
543,1977,1,Argentine Grand Prix,1977-01-09,25,Autódromo Juan y Oscar Gálvez
544,1977,2,Brazilian Grand Prix,1977-01-23,18,Autódromo José Carlos Pace
545,1977,3,South African Grand Prix,1977-03-05,30,Kyalami
546,1977,4,United States Grand Prix West,1977-04-03,43,Long Beach
547,1977,5,Spanish Grand Prix,1977-05-08,45,Jarama
548,1977,6,Monaco Grand Prix,1977-05-22,6,Circuit de Monaco
549,1977,7,Belgian Grand Prix,1977-06-05,40,Zolder
550,1977,8,Swedish Grand Prix,1977-06-19,47,Scandinavian Raceway
551,1977,9,French Grand Prix,1977-07-03,41,Dijon-Prenois
552,1977,10,British Grand Prix,1977-07-16,9,Silverstone Circuit
553,1977,11,German Grand Prix,1977-07-31,10,Hockenheimring
554,1977,12,Austrian Grand Prix,1977-08-14,70,Red Bull Ring
555,1977,13,Dutch Grand Prix,1977-08-28,39,Circuit Park Zandvoort
556,1977,14,Italian Grand Prix,1977-09-11,14,Autodromo Nazionale di Monza
557,1977,15,United States Grand Prix,1977-10-02,46,Watkins Glen
558,1977,16,Canadian Grand Prix,1977-10-09,48,Mosport International Raceway
559,1977,17,Japanese Grand Prix,1977-10-23,16,Fuji Speedway
560,1976,1,Brazilian Grand Prix,1976-01-25,18,Autódromo José Carlos Pace
561,1976,2,South African Grand Prix,1976-03-06,30,Kyalami
562,1976,3,United States Grand Prix West,1976-03-28,43,Long Beach
563,1976,4,Spanish Grand Prix,1976-05-02,45,Jarama
564,1976,5,Belgian Grand Prix,1976-05-16,40,Zolder
565,1976,6,Monaco Grand Prix,1976-05-30,6,Circuit de Monaco
566,1976,7,Swedish Grand Prix,1976-06-13,47,Scandinavian Raceway
567,1976,8,French Grand Prix,1976-07-04,34,Circuit Paul Ricard
568,1976,9,British Grand Prix,1976-07-18,38,Brands Hatch
569,1976,10,German Grand Prix,1976-08-01,20,Nürburgring
570,1976,11,Austrian Grand Prix,1976-08-15,70,Red Bull Ring
571,1976,12,Dutch Grand Prix,1976-08-29,39,Circuit Park Zandvoort
572,1976,13,Italian Grand Prix,1976-09-12,14,Autodromo Nazionale di Monza
573,1976,14,Canadian Grand Prix,1976-10-03,48,Mosport International Raceway
574,1976,15,United States Grand Prix,1976-10-10,46,Watkins Glen
575,1976,16,Japanese Grand Prix,1976-10-24,16,Fuji Speedway
576,1975,1,Argentine Grand Prix,1975-01-12,25,Autódromo Juan y Oscar Gálvez
577,1975,2,Brazilian Grand Prix,1975-01-26,18,Autódromo José Carlos Pace
578,1975,3,South African Grand Prix,1975-03-01,30,Kyalami
579,1975,4,Spanish Grand Prix,1975-04-27,49,Montjuïc
580,1975,5,Monaco Grand Prix,1975-05-11,6,Circuit de Monaco
581,1975,6,Belgian Grand Prix,1975-05-25,40,Zolder
582,1975,7,Swedish Grand Prix,1975-06-08,47,Scandinavian Raceway
583,1975,8,Dutch Grand Prix,1975-06-22,39,Circuit Park Zandvoort
584,1975,9,French Grand Prix,1975-07-06,34,Circuit Paul Ricard
585,1975,10,British Grand Prix,1975-07-19,9,Silverstone Circuit
586,1975,11,German Grand Prix,1975-08-03,20,Nürburgring
587,1975,12,Austrian Grand Prix,1975-08-17,70,Red Bull Ring
588,1975,13,Italian Grand Prix,1975-09-07,14,Autodromo Nazionale di Monza
589,1975,14,United States Grand Prix,1975-10-05,46,Watkins Glen
590,1974,1,Argentine Grand Prix,1974-01-13,25,Autódromo Juan y Oscar Gálvez
591,1974,2,Brazilian Grand Prix,1974-01-27,18,Autódromo José Carlos Pace
592,1974,3,South African Grand Prix,1974-03-30,30,Kyalami
593,1974,4,Spanish Grand Prix,1974-04-28,45,Jarama
594,1974,5,Belgian Grand Prix,1974-05-12,50,Nivelles-Baulers
595,1974,6,Monaco Grand Prix,1974-05-26,6,Circuit de Monaco
596,1974,7,Swedish Grand Prix,1974-06-09,47,Scandinavian Raceway
597,1974,8,Dutch Grand Prix,1974-06-23,39,Circuit Park Zandvoort
598,1974,9,French Grand Prix,1974-07-07,41,Dijon-Prenois
599,1974,10,British Grand Prix,1974-07-20,38,Brands Hatch
600,1974,11,German Grand Prix,1974-08-04,20,Nürburgring
601,1974,12,Austrian Grand Prix,1974-08-18,70,Red Bull Ring
602,1974,13,Italian Grand Prix,1974-09-08,14,Autodromo Nazionale di Monza
603,1974,14,Canadian Grand Prix,1974-09-22,48,Mosport International Raceway
604,1974,15,United States Grand Prix,1974-10-06,46,Watkins Glen
605,1973,1,Argentine Grand Prix,1973-01-28,25,Autódromo Juan y Oscar Gálvez
606,1973,2,Brazilian Grand Prix,1973-02-11,18,Autódromo José Carlos Pace
607,1973,3,South African Grand Prix,1973-03-03,30,Kyalami
608,1973,4,Spanish Grand Prix,1973-04-29,49,Montjuïc
609,1973,5,Belgian Grand Prix,1973-05-20,40,Zolder
610,1973,6,Monaco Grand Prix,1973-06-03,6,Circuit de Monaco
611,1973,7,Swedish Grand Prix,1973-06-17,47,Scandinavian Raceway
612,1973,8,French Grand Prix,1973-07-01,34,Circuit Paul Ricard
613,1973,9,British Grand Prix,1973-07-14,9,Silverstone Circuit
614,1973,10,Dutch Grand Prix,1973-07-29,39,Circuit Park Zandvoort
615,1973,11,German Grand Prix,1973-08-05,20,Nürburgring
616,1973,12,Austrian Grand Prix,1973-08-19,70,Red Bull Ring
617,1973,13,Italian Grand Prix,1973-09-09,14,Autodromo Nazionale di Monza
618,1973,14,Canadian Grand Prix,1973-09-23,48,Mosport International Raceway
619,1973,15,United States Grand Prix,1973-10-07,46,Watkins Glen
620,1972,1,Argentine Grand Prix,1972-01-23,25,Autódromo Juan y Oscar Gálvez
621,1972,2,South African Grand Prix,1972-03-04,30,Kyalami
622,1972,3,Spanish Grand Prix,1972-05-01,45,Jarama
623,1972,4,Monaco Grand Prix,1972-05-14,6,Circuit de Monaco
624,1972,5,Belgian Grand Prix,1972-06-04,50,Nivelles-Baulers
625,1972,6,French Grand Prix,1972-07-02,51,Charade Circuit
626,1972,7,British Grand Prix,1972-07-15,38,Brands Hatch
627,1972,8,German Grand Prix,1972-07-30,20,Nürburgring
628,1972,9,Austrian Grand Prix,1972-08-13,70,Red Bull Ring
629,1972,10,Italian Grand Prix,1972-09-10,14,Autodromo Nazionale di Monza
630,1972,11,Canadian Grand Prix,1972-09-24,48,Mosport International Raceway
631,1972,12,United States Grand Prix,1972-10-08,46,Watkins Glen
632,1971,1,South African Grand Prix,1971-03-06,30,Kyalami
633,1971,2,Spanish Grand Prix,1971-04-18,49,Montjuïc
634,1971,3,Monaco Grand Prix,1971-05-23,6,Circuit de Monaco
635,1971,4,Dutch Grand Prix,1971-06-20,39,Circuit Park Zandvoort
636,1971,5,French Grand Prix,1971-07-04,34,Circuit Paul Ricard
637,1971,6,British Grand Prix,1971-07-17,9,Silverstone Circuit
638,1971,7,German Grand Prix,1971-08-01,20,Nürburgring
639,1971,8,Austrian Grand Prix,1971-08-15,70,Red Bull Ring
640,1971,9,Italian Grand Prix,1971-09-05,14,Autodromo Nazionale di Monza
641,1971,10,Canadian Grand Prix,1971-09-19,48,Mosport International Raceway
642,1971,11,United States Grand Prix,1971-10-03,46,Watkins Glen
643,1970,1,South African Grand Prix,1970-03-07,30,Kyalami
644,1970,2,Spanish Grand Prix,1970-04-19,45,Jarama
645,1970,3,Monaco Grand Prix,1970-05-10,6,Circuit de Monaco
646,1970,4,Belgian Grand Prix,1970-06-07,13,Circuit de Spa-Francorchamps
647,1970,5,Dutch Grand Prix,1970-06-21,39,Circuit Park Zandvoort
648,1970,6,French Grand Prix,1970-07-05,51,Charade Circuit
649,1970,7,British Grand Prix,1970-07-18,38,Brands Hatch
650,1970,8,German Grand Prix,1970-08-02,10,Hockenheimring
651,1970,9,Austrian Grand Prix,1970-08-16,70,Red Bull Ring
652,1970,10,Italian Grand Prix,1970-09-06,14,Autodromo Nazionale di Monza
653,1970,11,Canadian Grand Prix,1970-09-20,52,Circuit Mont-Tremblant
654,1970,12,United States Grand Prix,1970-10-04,46,Watkins Glen
655,1970,13,Mexican Grand Prix,1970-10-25,32,Autódromo Hermanos Rodríguez
656,1969,1,South African Grand Prix,1969-03-01,30,Kyalami
657,1969,2,Spanish Grand Prix,1969-05-04,49,Montjuïc
658,1969,3,Monaco Grand Prix,1969-05-18,6,Circuit de Monaco
659,1969,4,Dutch Grand Prix,1969-06-21,39,Circuit Park Zandvoort
660,1969,5,French Grand Prix,1969-07-06,51,Charade Circuit
661,1969,6,British Grand Prix,1969-07-19,9,Silverstone Circuit
662,1969,7,German Grand Prix,1969-08-03,20,Nürburgring
663,1969,8,Italian Grand Prix,1969-09-07,14,Autodromo Nazionale di Monza
664,1969,9,Canadian Grand Prix,1969-09-20,48,Mosport International Raceway
665,1969,10,United States Grand Prix,1969-10-05,46,Watkins Glen
666,1969,11,Mexican Grand Prix,1969-10-19,32,Autódromo Hermanos Rodríguez
667,1968,1,South African Grand Prix,1968-01-01,30,Kyalami
668,1968,2,Spanish Grand Prix,1968-05-12,45,Jarama
669,1968,3,Monaco Grand Prix,1968-05-26,6,Circuit de Monaco
670,1968,4,Belgian Grand Prix,1968-06-09,13,Circuit de Spa-Francorchamps
671,1968,5,Dutch Grand Prix,1968-06-23,39,Circuit Park Zandvoort
672,1968,6,French Grand Prix,1968-07-07,53,Rouen-Les-Essarts
673,1968,7,British Grand Prix,1968-07-20,38,Brands Hatch
674,1968,8,German Grand Prix,1968-08-04,20,Nürburgring
675,1968,9,Italian Grand Prix,1968-09-08,14,Autodromo Nazionale di Monza
676,1968,10,Canadian Grand Prix,1968-09-22,52,Circuit Mont-Tremblant
677,1968,11,United States Grand Prix,1968-10-06,46,Watkins Glen
678,1968,12,Mexican Grand Prix,1968-11-03,32,Autódromo Hermanos Rodríguez
679,1967,1,South African Grand Prix,1967-01-02,30,Kyalami
680,1967,2,Monaco Grand Prix,1967-05-07,6,Circuit de Monaco
681,1967,3,Dutch Grand Prix,1967-06-04,39,Circuit Park Zandvoort
682,1967,4,Belgian Grand Prix,1967-06-18,13,Circuit de Spa-Francorchamps
683,1967,5,French Grand Prix,1967-07-02,54,Le Mans
684,1967,6,British Grand Prix,1967-07-15,9,Silverstone Circuit
685,1967,7,German Grand Prix,1967-08-06,20,Nürburgring
686,1967,8,Canadian Grand Prix,1967-08-27,48,Mosport International Raceway
687,1967,9,Italian Grand Prix,1967-09-10,14,Autodromo Nazionale di Monza
688,1967,10,United States Grand Prix,1967-10-01,46,Watkins Glen
689,1967,11,Mexican Grand Prix,1967-10-22,32,Autódromo Hermanos Rodríguez
690,1966,1,Monaco Grand Prix,1966-05-22,6,Circuit de Monaco
691,1966,2,Belgian Grand Prix,1966-06-12,13,Circuit de Spa-Francorchamps
692,1966,3,French Grand Prix,1966-07-03,55,Reims-Gueux
693,1966,4,British Grand Prix,1966-07-16,38,Brands Hatch
694,1966,5,Dutch Grand Prix,1966-07-24,39,Circuit Park Zandvoort
695,1966,6,German Grand Prix,1966-08-07,20,Nürburgring
696,1966,7,Italian Grand Prix,1966-09-04,14,Autodromo Nazionale di Monza
697,1966,8,United States Grand Prix,1966-10-02,46,Watkins Glen
698,1966,9,Mexican Grand Prix,1966-10-23,32,Autódromo Hermanos Rodríguez
699,1965,1,South African Grand Prix,1965-01-01,56,Prince George Circuit
700,1965,2,Monaco Grand Prix,1965-05-30,6,Circuit de Monaco
701,1965,3,Belgian Grand Prix,1965-06-13,13,Circuit de Spa-Francorchamps
702,1965,4,French Grand Prix,1965-06-27,51,Charade Circuit
703,1965,5,British Grand Prix,1965-07-10,9,Silverstone Circuit
704,1965,6,Dutch Grand Prix,1965-07-18,39,Circuit Park Zandvoort
705,1965,7,German Grand Prix,1965-08-01,20,Nürburgring
706,1965,8,Italian Grand Prix,1965-09-12,14,Autodromo Nazionale di Monza
707,1965,9,United States Grand Prix,1965-10-03,46,Watkins Glen
708,1965,10,Mexican Grand Prix,1965-10-24,32,Autódromo Hermanos Rodríguez
709,1964,1,Monaco Grand Prix,1964-05-10,6,Circuit de Monaco
710,1964,2,Dutch Grand Prix,1964-05-24,39,Circuit Park Zandvoort
711,1964,3,Belgian Grand Prix,1964-06-14,13,Circuit de Spa-Francorchamps
712,1964,4,French Grand Prix,1964-06-28,53,Rouen-Les-Essarts
713,1964,5,British Grand Prix,1964-07-11,38,Brands Hatch
714,1964,6,German Grand Prix,1964-08-02,20,Nürburgring
715,1964,7,Austrian Grand Prix,1964-08-23,57,Zeltweg
716,1964,8,Italian Grand Prix,1964-09-06,14,Autodromo Nazionale di Monza
717,1964,9,United States Grand Prix,1964-10-04,46,Watkins Glen
718,1964,10,Mexican Grand Prix,1964-10-25,32,Autódromo Hermanos Rodríguez
719,1963,1,Monaco Grand Prix,1963-05-26,6,Circuit de Monaco
720,1963,2,Belgian Grand Prix,1963-06-09,13,Circuit de Spa-Francorchamps
721,1963,3,Dutch Grand Prix,1963-06-23,39,Circuit Park Zandvoort
722,1963,4,French Grand Prix,1963-06-30,55,Reims-Gueux
723,1963,5,British Grand Prix,1963-07-20,9,Silverstone Circuit
724,1963,6,German Grand Prix,1963-08-04,20,Nürburgring
725,1963,7,Italian Grand Prix,1963-09-08,14,Autodromo Nazionale di Monza
726,1963,8,United States Grand Prix,1963-10-06,46,Watkins Glen
727,1963,9,Mexican Grand Prix,1963-10-27,32,Autódromo Hermanos Rodríguez
728,1963,10,South African Grand Prix,1963-12-28,56,Prince George Circuit
729,1962,1,Dutch Grand Prix,1962-05-20,39,Circuit Park Zandvoort
730,1962,2,Monaco Grand Prix,1962-06-03,6,Circuit de Monaco
731,1962,3,Belgian Grand Prix,1962-06-17,13,Circuit de Spa-Francorchamps
732,1962,4,French Grand Prix,1962-07-08,53,Rouen-Les-Essarts
733,1962,5,British Grand Prix,1962-07-21,58,Aintree
734,1962,6,German Grand Prix,1962-08-05,20,Nürburgring
735,1962,7,Italian Grand Prix,1962-09-16,14,Autodromo Nazionale di Monza
736,1962,8,United States Grand Prix,1962-10-07,46,Watkins Glen
737,1962,9,South African Grand Prix,1962-12-29,56,Prince George Circuit
738,1961,1,Monaco Grand Prix,1961-05-14,6,Circuit de Monaco
739,1961,2,Dutch Grand Prix,1961-05-22,39,Circuit Park Zandvoort
740,1961,3,Belgian Grand Prix,1961-06-18,13,Circuit de Spa-Francorchamps
741,1961,4,French Grand Prix,1961-07-02,55,Reims-Gueux
742,1961,5,British Grand Prix,1961-07-15,58,Aintree
743,1961,6,German Grand Prix,1961-08-06,20,Nürburgring
744,1961,7,Italian Grand Prix,1961-09-10,14,Autodromo Nazionale di Monza
745,1961,8,United States Grand Prix,1961-10-08,46,Watkins Glen
746,1960,1,Argentine Grand Prix,1960-02-07,25,Autódromo Juan y Oscar Gálvez
747,1960,2,Monaco Grand Prix,1960-05-29,6,Circuit de Monaco
748,1960,3,Indianapolis 500,1960-05-30,19,Indianapolis Motor Speedway
749,1960,4,Dutch Grand Prix,1960-06-06,39,Circuit Park Zandvoort
750,1960,5,Belgian Grand Prix,1960-06-19,13,Circuit de Spa-Francorchamps
751,1960,6,French Grand Prix,1960-07-03,55,Reims-Gueux
752,1960,7,British Grand Prix,1960-07-16,9,Silverstone Circuit
753,1960,8,Portuguese Grand Prix,1960-08-14,59,Circuito da Boavista
754,1960,9,Italian Grand Prix,1960-09-04,14,Autodromo Nazionale di Monza
755,1960,10,United States Grand Prix,1960-11-20,60,Riverside International Raceway
756,1959,1,Monaco Grand Prix,1959-05-10,6,Circuit de Monaco
757,1959,2,Indianapolis 500,1959-05-30,19,Indianapolis Motor Speedway
758,1959,3,Dutch Grand Prix,1959-05-31,39,Circuit Park Zandvoort
759,1959,4,French Grand Prix,1959-07-05,55,Reims-Gueux
760,1959,5,British Grand Prix,1959-07-18,58,Aintree
761,1959,6,German Grand Prix,1959-08-02,61,AVUS
762,1959,7,Portuguese Grand Prix,1959-08-23,62,Monsanto Park Circuit
763,1959,8,Italian Grand Prix,1959-09-13,14,Autodromo Nazionale di Monza
764,1959,9,United States Grand Prix,1959-12-12,63,Sebring International Raceway
765,1958,1,Argentine Grand Prix,1958-01-19,25,Autódromo Juan y Oscar Gálvez
766,1958,2,Monaco Grand Prix,1958-05-18,6,Circuit de Monaco
767,1958,3,Dutch Grand Prix,1958-05-26,39,Circuit Park Zandvoort
768,1958,4,Indianapolis 500,1958-05-30,19,Indianapolis Motor Speedway
769,1958,5,Belgian Grand Prix,1958-06-15,13,Circuit de Spa-Francorchamps
770,1958,6,French Grand Prix,1958-07-06,55,Reims-Gueux
771,1958,7,British Grand Prix,1958-07-19,9,Silverstone Circuit
772,1958,8,German Grand Prix,1958-08-03,20,Nürburgring
773,1958,9,Portuguese Grand Prix,1958-08-24,59,Circuito da Boavista
774,1958,10,Italian Grand Prix,1958-09-07,14,Autodromo Nazionale di Monza
775,1958,11,Moroccan Grand Prix,1958-10-19,64,Ain Diab
776,1957,1,Argentine Grand Prix,1957-01-13,25,Autódromo Juan y Oscar Gálvez
777,1957,2,Monaco Grand Prix,1957-05-19,6,Circuit de Monaco
778,1957,3,Indianapolis 500,1957-05-30,19,Indianapolis Motor Speedway
779,1957,4,French Grand Prix,1957-07-07,53,Rouen-Les-Essarts
780,1957,5,British Grand Prix,1957-07-20,58,Aintree
781,1957,6,German Grand Prix,1957-08-04,20,Nürburgring
782,1957,7,Pescara Grand Prix,1957-08-18,65,Pescara Circuit
783,1957,8,Italian Grand Prix,1957-09-08,14,Autodromo Nazionale di Monza
784,1956,1,Argentine Grand Prix,1956-01-22,25,Autódromo Juan y Oscar Gálvez
785,1956,2,Monaco Grand Prix,1956-05-13,6,Circuit de Monaco
786,1956,3,Indianapolis 500,1956-05-30,19,Indianapolis Motor Speedway
787,1956,4,Belgian Grand Prix,1956-06-03,13,Circuit de Spa-Francorchamps
788,1956,5,French Grand Prix,1956-07-01,55,Reims-Gueux
789,1956,6,British Grand Prix,1956-07-14,9,Silverstone Circuit
790,1956,7,German Grand Prix,1956-08-05,20,Nürburgring
791,1956,8,Italian Grand Prix,1956-09-02,14,Autodromo Nazionale di Monza
792,1955,1,Argentine Grand Prix,1955-01-16,25,Autódromo Juan y Oscar Gálvez
793,1955,2,Monaco Grand Prix,1955-05-22,6,Circuit de Monaco
794,1955,3,Indianapolis 500,1955-05-30,19,Indianapolis Motor Speedway
795,1955,4,Belgian Grand Prix,1955-06-05,13,Circuit de Spa-Francorchamps
796,1955,5,Dutch Grand Prix,1955-06-19,39,Circuit Park Zandvoort
797,1955,6,British Grand Prix,1955-07-16,58,Aintree
798,1955,7,Italian Grand Prix,1955-09-11,14,Autodromo Nazionale di Monza
799,1954,1,Argentine Grand Prix,1954-01-17,25,Autódromo Juan y Oscar Gálvez
800,1954,2,Indianapolis 500,1954-05-31,19,Indianapolis Motor Speedway
801,1954,3,Belgian Grand Prix,1954-06-20,13,Circuit de Spa-Francorchamps
802,1954,4,French Grand Prix,1954-07-04,55,Reims-Gueux
803,1954,5,British Grand Prix,1954-07-17,9,Silverstone Circuit
804,1954,6,German Grand Prix,1954-08-01,20,Nürburgring
805,1954,7,Swiss Grand Prix,1954-08-22,66,Circuit Bremgarten
806,1954,8,Italian Grand Prix,1954-09-05,14,Autodromo Nazionale di Monza
807,1954,9,Spanish Grand Prix,1954-10-24,67,Circuit de Pedralbes
808,1953,1,Argentine Grand Prix,1953-01-18,25,Autódromo Juan y Oscar Gálvez
809,1953,2,Indianapolis 500,1953-05-30,19,Indianapolis Motor Speedway
810,1953,3,Dutch Grand Prix,1953-06-07,39,Circuit Park Zandvoort
811,1953,4,Belgian Grand Prix,1953-06-21,13,Circuit de Spa-Francorchamps
812,1953,5,French Grand Prix,1953-07-05,55,Reims-Gueux
813,1953,6,British Grand Prix,1953-07-18,9,Silverstone Circuit
814,1953,7,German Grand Prix,1953-08-02,20,Nürburgring
815,1953,8,Swiss Grand Prix,1953-08-23,66,Circuit Bremgarten
816,1953,9,Italian Grand Prix,1953-09-13,14,Autodromo Nazionale di Monza
817,1952,1,Swiss Grand Prix,1952-05-18,66,Circuit Bremgarten
818,1952,2,Indianapolis 500,1952-05-30,19,Indianapolis Motor Speedway
819,1952,3,Belgian Grand Prix,1952-06-22,13,Circuit de Spa-Francorchamps
820,1952,4,French Grand Prix,1952-07-06,53,Rouen-Les-Essarts
821,1952,5,British Grand Prix,1952-07-19,9,Silverstone Circuit
822,1952,6,German Grand Prix,1952-08-03,20,Nürburgring
823,1952,7,Dutch Grand Prix,1952-08-17,39,Circuit Park Zandvoort
824,1952,8,Italian Grand Prix,1952-09-07,14,Autodromo Nazionale di Monza
825,1951,1,Swiss Grand Prix,1951-05-27,66,Circuit Bremgarten
826,1951,2,Indianapolis 500,1951-05-30,19,Indianapolis Motor Speedway
827,1951,3,Belgian Grand Prix,1951-06-17,13,Circuit de Spa-Francorchamps
828,1951,4,French Grand Prix,1951-07-01,55,Reims-Gueux
829,1951,5,British Grand Prix,1951-07-14,9,Silverstone Circuit
830,1951,6,German Grand Prix,1951-07-29,20,Nürburgring
831,1951,7,Italian Grand Prix,1951-09-16,14,Autodromo Nazionale di Monza
832,1951,8,Spanish Grand Prix,1951-10-28,67,Circuit de Pedralbes
833,1950,1,British Grand Prix,1950-05-13,9,Silverstone Circuit
834,1950,2,Monaco Grand Prix,1950-05-21,6,Circuit de Monaco
835,1950,3,Indianapolis 500,1950-05-30,19,Indianapolis Motor Speedway
836,1950,4,Swiss Grand Prix,1950-06-04,66,Circuit Bremgarten
837,1950,5,Belgian Grand Prix,1950-06-18,13,Circuit de Spa-Francorchamps
838,1950,6,French Grand Prix,1950-07-02,55,Reims-Gueux
839,1950,7,Italian Grand Prix,1950-09-03,14,Autodromo Nazionale di Monza
841,2011,1,Australian Grand Prix,2011-03-27,1,Albert Park Grand Prix Circuit
842,2011,2,Malaysian Grand Prix,2011-04-10,2,Sepang International Circuit
843,2011,3,Chinese Grand Prix,2011-04-17,17,Shanghai International Circuit
844,2011,4,Turkish Grand Prix,2011-05-08,5,Istanbul Park
845,2011,5,Spanish Grand Prix,2011-05-22,4,Circuit de Barcelona-Catalunya
846,2011,6,Monaco Grand Prix,2011-05-29,6,Circuit de Monaco
847,2011,7,Canadian Grand Prix,2011-06-12,7,Circuit Gilles Villeneuve
848,2011,8,European Grand Prix,2011-06-26,12,Valencia Street Circuit
849,2011,9,British Grand Prix,2011-07-10,9,Silverstone Circuit
850,2011,10,German Grand Prix,2011-07-24,20,Nürburgring
851,2011,11,Hungarian Grand Prix,2011-07-31,11,Hungaroring
852,2011,12,Belgian Grand Prix,2011-08-28,13,Circuit de Spa-Francorchamps
853,2011,13,Italian Grand Prix,2011-09-11,14,Autodromo Nazionale di Monza
854,2011,14,Singapore Grand Prix,2011-09-25,15,Marina Bay Street Circuit
855,2011,15,Japanese Grand Prix,2011-10-09,22,Suzuka Circuit
856,2011,16,Korean Grand Prix,2011-10-16,35,Korean International Circuit
857,2011,17,Indian Grand Prix,2011-10-30,68,Buddh International Circuit
858,2011,18,Abu Dhabi Grand Prix,2011-11-13,24,Yas Marina Circuit
859,2011,19,Brazilian Grand Prix,2011-11-27,18,Autódromo José Carlos Pace
860,2012,1,Australian Grand Prix,2012-03-18,1,Albert Park Grand Prix Circuit
861,2012,2,Malaysian Grand Prix,2012-03-25,2,Sepang International Circuit
862,2012,3,Chinese Grand Prix,2012-04-15,17,Shanghai International Circuit
863,2012,4,Bahrain Grand Prix,2012-04-22,3,Bahrain International Circuit
864,2012,5,Spanish Grand Prix,2012-05-13,4,Circuit de Barcelona-Catalunya
865,2012,6,Monaco Grand Prix,2012-05-27,6,Circuit de Monaco
866,2012,7,Canadian Grand Prix,2012-06-10,7,Circuit Gilles Villeneuve
867,2012,8,European Grand Prix,2012-06-24,12,Valencia Street Circuit
868,2012,9,British Grand Prix,2012-07-08,9,Silverstone Circuit
869,2012,10,German Grand Prix,2012-07-22,10,Hockenheimring
870,2012,11,Hungarian Grand Prix,2012-07-29,11,Hungaroring
871,2012,12,Belgian Grand Prix,2012-09-02,13,Circuit de Spa-Francorchamps
872,2012,13,Italian Grand Prix,2012-09-09,14,Autodromo Nazionale di Monza
873,2012,14,Singapore Grand Prix,2012-09-23,15,Marina Bay Street Circuit
874,2012,15,Japanese Grand Prix,2012-10-07,22,Suzuka Circuit
875,2012,16,Korean Grand Prix,2012-10-14,35,Korean International Circuit
876,2012,17,Indian Grand Prix,2012-10-28,68,Buddh International Circuit
877,2012,18,Abu Dhabi Grand Prix,2012-11-04,24,Yas Marina Circuit
878,2012,19,United States Grand Prix,2012-11-18,69,Circuit of the Americas
879,2012,20,Brazilian Grand Prix,2012-11-25,18,Autódromo José Carlos Pace
880,2013,1,Australian Grand Prix,2013-03-17,1,Albert Park Grand Prix Circuit
881,2013,2,Malaysian Grand Prix,2013-03-24,2,Sepang International Circuit
882,2013,3,Chinese Grand Prix,2013-04-14,17,Shanghai International Circuit
883,2013,4,Bahrain Grand Prix,2013-04-21,3,Bahrain International Circuit
884,2013,5,Spanish Grand Prix,2013-05-12,4,Circuit de Barcelona-Catalunya
885,2013,6,Monaco Grand Prix,2013-05-26,6,Circuit de Monaco
886,2013,7,Canadian Grand Prix,2013-06-09,7,Circuit Gilles Villeneuve
887,2013,8,British Grand Prix,2013-06-30,9,Silverstone Circuit
888,2013,9,German Grand Prix,2013-07-07,20,Nürburgring
890,2013,10,Hungarian Grand Prix,2013-07-28,11,Hungaroring
891,2013,11,Belgian Grand Prix,2013-08-25,13,Circuit de Spa-Francorchamps
892,2013,12,Italian Grand Prix,2013-09-08,14,Autodromo Nazionale di Monza
893,2013,13,Singapore Grand Prix,2013-09-22,15,Marina Bay Street Circuit
894,2013,14,Korean Grand Prix,2013-10-06,35,Korean International Circuit
895,2013,15,Japanese Grand Prix,2013-10-13,22,Suzuka Circuit
896,2013,16,Indian Grand Prix,2013-10-27,68,Buddh International Circuit
897,2013,17,Abu Dhabi Grand Prix,2013-11-03,24,Yas Marina Circuit
898,2013,18,United States Grand Prix,2013-11-17,69,Circuit of the Americas
899,2013,19,Brazilian Grand Prix,2013-11-24,18,Autódromo José Carlos Pace
900,2014,1,Australian Grand Prix,2014-03-16,1,Albert Park Grand Prix Circuit
901,2014,2,Malaysian Grand Prix,2014-03-30,2,Sepang International Circuit
902,2014,3,Bahrain Grand Prix,2014-04-06,3,Bahrain International Circuit
903,2014,4,Chinese Grand Prix,2014-04-20,17,Shanghai International Circuit
904,2014,5,Spanish Grand Prix,2014-05-11,4,Circuit de Barcelona-Catalunya
905,2014,6,Monaco Grand Prix,2014-05-25,6,Circuit de Monaco
906,2014,7,Canadian Grand Prix,2014-06-08,7,Circuit Gilles Villeneuve
907,2014,8,Austrian Grand Prix,2014-06-22,70,Red Bull Ring
908,2014,9,British Grand Prix,2014-07-06,9,Silverstone Circuit
909,2014,10,German Grand Prix,2014-07-20,10,Hockenheimring
910,2014,11,Hungarian Grand Prix,2014-07-27,11,Hungaroring
911,2014,12,Belgian Grand Prix,2014-08-24,13,Circuit de Spa-Francorchamps
912,2014,13,Italian Grand Prix,2014-09-07,14,Autodromo Nazionale di Monza
913,2014,14,Singapore Grand Prix,2014-09-21,15,Marina Bay Street Circuit
914,2014,15,Japanese Grand Prix,2014-10-05,22,Suzuka Circuit
915,2014,16,Russian Grand Prix,2014-10-12,71,Sochi Autodrom
916,2014,17,United States Grand Prix,2014-11-02,69,Circuit of the Americas
917,2014,18,Brazilian Grand Prix,2014-11-09,18,Autódromo José Carlos Pace
918,2014,19,Abu Dhabi Grand Prix,2014-11-23,24,Yas Marina Circuit
931,2015,6,Monaco Grand Prix,2015-05-24,6,Circuit de Monaco
932,2015,7,Canadian Grand Prix,2015-06-07,7,Circuit Gilles Villeneuve
929,2015,4,Bahrain Grand Prix,2015-04-19,3,Bahrain International Circuit
930,2015,5,Spanish Grand Prix,2015-05-10,4,Circuit de Barcelona-Catalunya
928,2015,3,Chinese Grand Prix,2015-04-12,17,Shanghai International Circuit
926,2015,1,Australian Grand Prix,2015-03-15,1,Albert Park Grand Prix Circuit
927,2015,2,Malaysian Grand Prix,2015-03-29,2,Sepang International Circuit
933,2015,8,Austrian Grand Prix,2015-06-21,70,Red Bull Ring
934,2015,9,British Grand Prix,2015-07-05,9,Silverstone Circuit
936,2015,10,Hungarian Grand Prix,2015-07-26,11,Hungaroring
937,2015,11,Belgian Grand Prix,2015-08-23,13,Circuit de Spa-Francorchamps
938,2015,12,Italian Grand Prix,2015-09-06,14,Autodromo Nazionale di Monza
939,2015,13,Singapore Grand Prix,2015-09-20,15,Marina Bay Street Circuit
940,2015,14,Japanese Grand Prix,2015-09-27,22,Suzuka Circuit
941,2015,15,Russian Grand Prix,2015-10-11,71,Sochi Autodrom
942,2015,16,United States Grand Prix,2015-10-25,69,Circuit of the Americas
943,2015,17,Mexican Grand Prix,2015-11-01,32,Autódromo Hermanos Rodríguez
944,2015,18,Brazilian Grand Prix,2015-11-15,18,Autódromo José Carlos Pace
945,2015,19,Abu Dhabi Grand Prix,2015-11-29,24,Yas Marina Circuit
948,2016,1,Australian Grand Prix,2016-03-20,1,Albert Park Grand Prix Circuit
949,2016,2,Bahrain Grand Prix,2016-04-03,3,Bahrain International Circuit
950,2016,3,Chinese Grand Prix,2016-04-17,17,Shanghai International Circuit
951,2016,4,Russian Grand Prix,2016-05-01,71,Sochi Autodrom
952,2016,5,Spanish Grand Prix,2016-05-15,4,Circuit de Barcelona-Catalunya
953,2016,6,Monaco Grand Prix,2016-05-29,6,Circuit de Monaco
954,2016,7,Canadian Grand Prix,2016-06-12,7,Circuit Gilles Villeneuve
955,2016,8,European Grand Prix,2016-06-19,73,Baku City Circuit
956,2016,9,Austrian Grand Prix,2016-07-03,70,Red Bull Ring
957,2016,10,British Grand Prix,2016-07-10,9,Silverstone Circuit
958,2016,11,Hungarian Grand Prix,2016-07-24,11,Hungaroring
959,2016,12,German Grand Prix,2016-07-31,10,Hockenheimring
960,2016,13,Belgian Grand Prix,2016-08-28,13,Circuit de Spa-Francorchamps
961,2016,14,Italian Grand Prix,2016-09-04,14,Autodromo Nazionale di Monza
962,2016,15,Singapore Grand Prix,2016-09-18,15,Marina Bay Street Circuit
963,2016,16,Malaysian Grand Prix,2016-10-02,2,Sepang International Circuit
964,2016,17,Japanese Grand Prix,2016-10-09,22,Suzuka Circuit
965,2016,18,United States Grand Prix,2016-10-23,69,Circuit of the Americas
966,2016,19,Mexican Grand Prix,2016-10-30,32,Autódromo Hermanos Rodríguez
967,2016,20,Brazilian Grand Prix,2016-11-13,18,Autódromo José Carlos Pace
968,2016,21,Abu Dhabi Grand Prix,2016-11-27,24,Yas Marina Circuit
969,2017,1,Australian Grand Prix,2017-03-26,1,Albert Park Grand Prix Circuit
970,2017,2,Chinese Grand Prix,2017-04-09,17,Shanghai International Circuit
971,2017,3,Bahrain Grand Prix,2017-04-16,3,Bahrain International Circuit
972,2017,4,Russian Grand Prix,2017-04-30,71,Sochi Autodrom
973,2017,5,Spanish Grand Prix,2017-05-14,4,Circuit de Barcelona-Catalunya
974,2017,6,Monaco Grand Prix,2017-05-28,6,Circuit de Monaco
975,2017,7,Canadian Grand Prix,2017-06-11,7,Circuit Gilles Villeneuve
976,2017,8,Azerbaijan Grand Prix,2017-06-25,73,Baku City Circuit
977,2017,9,Austrian Grand Prix,2017-07-09,70,Red Bull Ring
978,2017,10,British Grand Prix,2017-07-16,9,Silverstone Circuit
979,2017,11,Hungarian Grand Prix,2017-07-30,11,Hungaroring
980,2017,12,Belgian Grand Prix,2017-08-27,13,Circuit de Spa-Francorchamps
981,2017,13,Italian Grand Prix,2017-09-03,14,Autodromo Nazionale di Monza
982,2017,14,Singapore Grand Prix,2017-09-17,15,Marina Bay Street Circuit
983,2017,15,Malaysian Grand Prix,2017-10-01,2,Sepang International Circuit
984,2017,16,Japanese Grand Prix,2017-10-08,22,Suzuka Circuit
985,2017,17,United States Grand Prix,2017-10-22,69,Circuit of the Americas
986,2017,18,Mexican Grand Prix,2017-10-29,32,Autódromo Hermanos Rodríguez
987,2017,19,Brazilian Grand Prix,2017-11-12,18,Autódromo José Carlos Pace
988,2017,20,Abu Dhabi Grand Prix,2017-11-26,24,Yas Marina Circuit
989,2018,1,Australian Grand Prix,2018-03-25,1,Albert Park Grand Prix Circuit
990,2018,2,Bahrain Grand Prix,2018-04-08,3,Bahrain International Circuit
991,2018,3,Chinese Grand Prix,2018-04-15,17,Shanghai International Circuit
992,2018,4,Azerbaijan Grand Prix,2018-04-29,73,Baku City Circuit
993,2018,5,Spanish Grand Prix,2018-05-13,4,Circuit de Barcelona-Catalunya
994,2018,6,Monaco Grand Prix,2018-05-27,6,Circuit de Monaco
995,2018,7,Canadian Grand Prix,2018-06-10,7,Circuit Gilles Villeneuve
996,2018,8,French Grand Prix,2018-06-24,34,Circuit Paul Ricard
997,2018,9,Austrian Grand Prix,2018-07-01,70,Red Bull Ring
998,2018,10,British Grand Prix,2018-07-08,9,Silverstone Circuit
999,2018,11,German Grand Prix,2018-07-22,10,Hockenheimring
1000,2018,12,Hungarian Grand Prix,2018-07-29,11,Hungaroring
1001,2018,13,Belgian Grand Prix,2018-08-26,13,Circuit de Spa-Francorchamps
1002,2018,14,Italian Grand Prix,2018-09-02,14,Autodromo Nazionale di Monza
1003,2018,15,Singapore Grand Prix,2018-09-16,15,Marina Bay Street Circuit
1004,2018,16,Russian Grand Prix,2018-09-30,71,Sochi Autodrom
1005,2018,17,Japanese Grand Prix,2018-10-07,22,Suzuka Circuit
1006,2018,18,United States Grand Prix,2018-10-21,69,Circuit of the Americas
1007,2018,19,Mexican Grand Prix,2018-10-28,32,Autódromo Hermanos Rodríguez
1008,2018,20,Brazilian Grand Prix,2018-11-11,18,Autódromo José Carlos Pace
1009,2018,21,Abu Dhabi Grand Prix,2018-11-25,24,Yas Marina Circuit
1010,2019,1,Australian Grand Prix,2019-03-17,1,Albert Park Grand Prix Circuit
1011,2019,2,Bahrain Grand Prix,2019-03-31,3,Bahrain International Circuit
1012,2019,3,Chinese Grand Prix,2019-04-14,17,Shanghai International Circuit
1013,2019,4,Azerbaijan Grand Prix,2019-04-28,73,Baku City Circuit
1014,2019,5,Spanish Grand Prix,2019-05-12,4,Circuit de Barcelona-Catalunya
1015,2019,6,Monaco Grand Prix,2019-05-26,6,Circuit de Monaco
1016,2019,7,Canadian Grand Prix,2019-06-09,7,Circuit Gilles Villeneuve
1017,2019,8,French Grand Prix,2019-06-23,34,Circuit Paul Ricard
1018,2019,9,Austrian Grand Prix,2019-06-30,70,Red Bull Ring
1019,2019,10,British Grand Prix,2019-07-14,9,Silverstone Circuit
1020,2019,11,German Grand Prix,2019-07-28,10,Hockenheimring
1021,2019,12,Hungarian Grand Prix,2019-08-04,11,Hungaroring
1022,2019,13,Belgian Grand Prix,2019-09-01,13,Circuit de Spa-Francorchamps
1023,2019,14,Italian Grand Prix,2019-09-08,14,Autodromo Nazionale di Monza
1024,2019,15,Singapore Grand Prix,2019-09-22,15,Marina Bay Street Circuit
1025,2019,16,Russian Grand Prix,2019-09-29,71,Sochi Autodrom
1026,2019,17,Japanese Grand Prix,2019-10-13,22,Suzuka Circuit
1027,2019,18,Mexican Grand Prix,2019-10-27,32,Autódromo Hermanos Rodríguez
1028,2019,19,United States Grand Prix,2019-11-03,69,Circuit of the Americas
1029,2019,20,Brazilian Grand Prix,2019-11-17,18,Autódromo José Carlos Pace
1030,2019,21,Abu Dhabi Grand Prix,2019-12-01,24,Yas Marina Circuit
1031,2020,1,Austrian Grand Prix,2020-07-05,70,Red Bull Ring
1032,2020,2,Styrian Grand Prix,2020-07-12,70,Red Bull Ring
1033,2020,3,Hungarian Grand Prix,2020-07-19,11,Hungaroring
1034,2020,4,British Grand Prix,2020-08-02,9,Silverstone Circuit
1035,2020,5,70th Anniversary Grand Prix,2020-08-09,9,Silverstone Circuit
1036,2020,6,Spanish Grand Prix,2020-08-16,4,Circuit de Barcelona-Catalunya
1037,2020,7,Belgian Grand Prix,2020-08-30,13,Circuit de Spa-Francorchamps
1038,2020,8,Italian Grand Prix,2020-09-06,14,Autodromo Nazionale di Monza
1039,2020,9,Tuscan Grand Prix,2020-09-13,76,Autodromo Internazionale del Mugello
1040,2020,10,Russian Grand Prix,2020-09-27,71,Sochi Autodrom
1041,2020,11,Eifel Grand Prix,2020-10-11,20,Nürburgring
1042,2020,12,Portuguese Grand Prix,2020-10-25,75,Autódromo Internacional do Algarve
1043,2020,13,Emilia Romagna Grand Prix,2020-11-01,21,Autodromo Enzo e Dino Ferrari
1044,2020,14,Turkish Grand Prix,2020-11-15,5,Istanbul Park
1045,2020,15,Bahrain Grand Prix,2020-11-29,3,Bahrain International Circuit
1046,2020,16,Sakhir Grand Prix,2020-12-06,3,Bahrain International Circuit
1047,2020,17,Abu Dhabi Grand Prix,2020-12-13,24,Yas Marina Circuit
1053,2021,2,Emilia Romagna Grand Prix,2021-04-18,21,Autodromo Enzo e Dino Ferrari
1074,2022,1,Bahrain Grand Prix,2022-03-20,3,Bahrain International Circuit
1052,2021,1,Bahrain Grand Prix,2021-03-28,3,Bahrain International Circuit
1051,2021,20,Qatar Grand Prix,2021-11-21,78,Losail International Circuit
1054,2021,3,Portuguese Grand Prix,2021-05-02,75,Autódromo Internacional do Algarve
1055,2021,4,Spanish Grand Prix,2021-05-09,4,Circuit de Barcelona-Catalunya
1056,2021,5,Monaco Grand Prix,2021-05-23,6,Circuit de Monaco
1057,2021,6,Azerbaijan Grand Prix,2021-06-06,73,Baku City Circuit
1058,2021,8,Styrian Grand Prix,2021-06-27,70,Red Bull Ring
1059,2021,7,French Grand Prix,2021-06-20,34,Circuit Paul Ricard
1060,2021,9,Austrian Grand Prix,2021-07-04,70,Red Bull Ring
1061,2021,10,British Grand Prix,2021-07-18,9,Silverstone Circuit
1062,2021,11,Hungarian Grand Prix,2021-08-01,11,Hungaroring
1063,2021,12,Belgian Grand Prix,2021-08-29,13,Circuit de Spa-Francorchamps
1064,2021,13,Dutch Grand Prix,2021-09-05,39,Circuit Park Zandvoort
1065,2021,14,Italian Grand Prix,2021-09-12,14,Autodromo Nazionale di Monza
1066,2021,15,Russian Grand Prix,2021-09-26,71,Sochi Autodrom
1067,2021,16,Turkish Grand Prix,2021-10-10,5,Istanbul Park
1069,2021,17,United States Grand Prix,2021-10-24,69,Circuit of the Americas
1070,2021,18,Mexico City Grand Prix,2021-11-07,32,Autódromo Hermanos Rodríguez
1071,2021,19,São Paulo Grand Prix,2021-11-14,18,Autódromo José Carlos Pace
1072,2021,21,Saudi Arabian Grand Prix,2021-12-05,77,Jeddah Corniche Circuit
1073,2021,22,Abu Dhabi Grand Prix,2021-12-12,24,Yas Marina Circuit
1075,2022,2,Saudi Arabian Grand Prix,2022-03-27,77,Jeddah Corniche Circuit
1076,2022,3,Australian Grand Prix,2022-04-10,1,Albert Park Grand Prix Circuit
1077,2022,4,Emilia Romagna Grand Prix,2022-04-24,21,Autodromo Enzo e Dino Ferrari
1078,2022,5,Miami Grand Prix,2022-05-08,79,Miami International Autodrome
1079,2022,6,Spanish Grand Prix,2022-05-22,4,Circuit de Barcelona-Catalunya
1080,2022,7,Monaco Grand Prix,2022-05-29,6,Circuit de Monaco
1081,2022,8,Azerbaijan Grand Prix,2022-06-12,73,Baku City Circuit
1082,2022,9,Canadian Grand Prix,2022-06-19,7,Circuit Gilles Villeneuve
1083,2022,10,British Grand Prix,2022-07-03,9,Silverstone Circuit
1084,2022,11,Austrian Grand Prix,2022-07-10,70,Red Bull Ring
1085,2022,12,French Grand Prix,2022-07-24,34,Circuit Paul Ricard
1086,2022,13,Hungarian Grand Prix,2022-07-31,11,Hungaroring
1087,2022,14,Belgian Grand Prix,2022-08-28,13,Circuit de Spa-Francorchamps
1088,2022,15,Dutch Grand Prix,2022-09-04,39,Circuit Park Zandvoort
1089,2022,16,Italian Grand Prix,2022-09-11,14,Autodromo Nazionale di Monza
1091,2022,17,Singapore Grand Prix,2022-10-02,15,Marina Bay Street Circuit
1092,2022,18,Japanese Grand Prix,2022-10-09,22,Suzuka Circuit
1093,2022,19,United States Grand Prix,2022-10-23,69,Circuit of the Americas
1094,2022,20,Mexico City Grand Prix,2022-10-30,32,Autódromo Hermanos Rodríguez
1095,2022,21,Brazilian Grand Prix,2022-11-13,18,Autódromo José Carlos Pace
1096,2022,22,Abu Dhabi Grand Prix,2022-11-20,24,Yas Marina Circuit
1098,2023,1,Bahrain Grand Prix,2023-03-05,3,Bahrain International Circuit
1099,2023,2,Saudi Arabian Grand Prix,2023-03-19,77,Jeddah Corniche Circuit
1100,2023,3,Australian Grand Prix,2023-04-02,1,Albert Park Grand Prix Circuit
1101,2023,4,Azerbaijan Grand Prix,2023-04-30,73,Baku City Circuit
1102,2023,5,Miami Grand Prix,2023-05-07,79,Miami International Autodrome
1103,2023,6,Emilia Romagna Grand Prix,2023-05-21,21,Autodromo Enzo e Dino Ferrari
1104,2023,7,Monaco Grand Prix,2023-05-28,6,Circuit de Monaco
1105,2023,8,Spanish Grand Prix,2023-06-04,4,Circuit de Barcelona-Catalunya
1106,2023,9,Canadian Grand Prix,2023-06-18,7,Circuit Gilles Villeneuve
1107,2023,10,Austrian Grand Prix,2023-07-02,70,Red Bull Ring
1108,2023,11,British Grand Prix,2023-07-09,9,Silverstone Circuit
1109,2023,12,Hungarian Grand Prix,2023-07-23,11,Hungaroring
1110,2023,13,Belgian Grand Prix,2023-07-30,13,Circuit de Spa-Francorchamps
1111,2023,14,Dutch Grand Prix,2023-08-27,39,Circuit Park Zandvoort
1112,2023,15,Italian Grand Prix,2023-09-03,14,Autodromo Nazionale di Monza
1113,2023,16,Singapore Grand Prix,2023-09-17,15,Marina Bay Street Circuit
1114,2023,17,Japanese Grand Prix,2023-09-24,22,Suzuka Circuit
1115,2023,18,Qatar Grand Prix,2023-10-08,78,Losail International Circuit
1116,2023,19,United States Grand Prix,2023-10-22,69,Circuit of the Americas
1117,2023,20,Mexico City Grand Prix,2023-10-29,32,Autódromo Hermanos Rodríguez
1118,2023,21,São Paulo Grand Prix,2023-11-05,18,Autódromo José Carlos Pace
1119,2023,22,Las Vegas Grand Prix,2023-11-19,80,Las Vegas Strip Street Circuit
1120,2023,23,Abu Dhabi Grand Prix,2023-11-26,24,Yas Marina Circuit
